,Line Name,dgfp_dt,p1,p2,p3,p4,p5
0,SP003-r1,99.22522352857735,2.0,11.0,13.0,24.0,29.0
1,SP003-r2,107.34677026165811,2.0,11.0,13.0,24.0,29.0
2,SP003-r3,109.50416749391593,2.0,11.0,13.0,24.0,29.0
3,SP004-r1,169.829824100466,2.0,11.0,13.0,19.0,25.0
4,SP004-r2,155.425955487989,2.0,11.0,13.0,19.0,25.0
5,SP004-r3,153.89146446583595,2.0,11.0,13.0,19.0,25.0
6,SP008-r1,112.85031032701608,2.0,11.0,15.0,22.0,25.0
7,SP008-r2,116.54963681431526,2.0,11.0,15.0,22.0,25.0
8,SP008-r3,109.23878232210907,2.0,11.0,15.0,22.0,25.0
9,SP011-r1,168.3009709054748,1.0,9.0,13.0,22.0,25.0
10,SP011-r2,152.36335780710792,1.0,9.0,13.0,22.0,25.0
11,SP011-r3,162.329839348746,1.0,9.0,13.0,22.0,25.0
12,SP014-r1,196.1689092993855,5.0,9.0,13.0,22.0,25.0
13,SP014-r2,193.8583457926535,5.0,9.0,13.0,22.0,25.0
14,SP014-r3,206.38589543016167,5.0,9.0,13.0,22.0,25.0
15,SP015-r1,108.58421904304105,4.0,7.0,15.0,19.0,27.0
16,SP015-r2,107.3202720106949,4.0,7.0,15.0,19.0,27.0
17,SP015-r3,125.7883463006011,4.0,7.0,15.0,19.0,27.0
18,SP016-r1,132.35578739211965,4.0,8.0,15.0,21.0,27.0
19,SP016-r2,124.1899839228483,4.0,8.0,15.0,21.0,27.0
20,SP016-r3,169.0076267564688,4.0,8.0,15.0,21.0,27.0
21,SP019-r1,189.2780751928282,5.0,12.0,17.0,23.0,25.0
22,SP019-r2,203.19677782338925,5.0,12.0,17.0,23.0,25.0
23,SP019-r3,226.9656741280044,5.0,12.0,17.0,23.0,25.0
24,SP021-r1,136.02305832883022,4.0,8.0,15.0,21.0,25.0
25,SP021-r2,154.00138246371495,4.0,8.0,15.0,21.0,25.0
26,SP021-r3,158.98413829668047,4.0,8.0,15.0,21.0,25.0
27,SP022-r1,154.15640688142824,1.0,12.0,13.0,19.0,25.0
28,SP022-r2,130.06869260098017,1.0,12.0,13.0,19.0,25.0
29,SP022-r3,146.65345425314374,1.0,12.0,13.0,19.0,25.0
30,SP024-r1,162.57134409518451,5.0,10.0,13.0,21.0,29.0
31,SP024-r2,168.87994578265128,5.0,10.0,13.0,21.0,29.0
32,SP024-r3,161.52839886217401,5.0,10.0,13.0,21.0,29.0
33,SP026-r1,135.51696269066315,1.0,8.0,15.0,20.0,30.0
34,SP026-r2,152.23591097611853,1.0,8.0,15.0,20.0,30.0
35,SP026-r3,147.94834721433946,1.0,8.0,15.0,20.0,30.0
36,SP027-r1,181.6520555660729,4.0,10.0,13.0,22.0,30.0
37,SP027-r2,176.3988273506428,4.0,10.0,13.0,22.0,30.0
38,SP027-r3,170.6334808393741,4.0,10.0,13.0,22.0,30.0
39,SP029-r1,104.0632538200527,2.0,10.0,15.0,23.0,25.0
40,SP029-r2,107.56953596717857,2.0,10.0,15.0,23.0,25.0
41,SP029-r3,105.57630687159508,2.0,10.0,15.0,23.0,25.0
42,SP030-r1,124.1781211816498,1.0,12.0,15.0,21.0,25.0
43,SP030-r2,144.1128349190485,1.0,12.0,15.0,21.0,25.0
44,SP030-r3,138.042144782629,1.0,12.0,15.0,21.0,25.0
45,SP033-r1,108.17343429755647,1.0,9.0,15.0,19.0,27.0
46,SP033-r2,155.54709454119148,1.0,9.0,15.0,19.0,27.0
47,SP033-r3,135.32346520513585,1.0,9.0,15.0,19.0,27.0
48,SP035-r1,186.2959381756565,4.0,7.0,17.0,19.0,26.0
49,SP035-r2,182.37394238166124,4.0,7.0,17.0,19.0,26.0
50,SP035-r3,207.17195360164823,4.0,7.0,17.0,19.0,26.0
51,SP036-r1,189.00683035437638,1.0,10.0,13.0,20.0,26.0
52,SP036-r2,181.83038751423356,1.0,10.0,13.0,20.0,26.0
53,SP036-r3,202.72554161369345,1.0,10.0,13.0,20.0,26.0
54,SP039-r1,194.61250569351355,3.0,8.0,17.0,21.0,27.0
55,SP039-r2,226.985265252105,3.0,8.0,17.0,21.0,27.0
56,SP039-r3,218.82297431147038,3.0,8.0,17.0,21.0,27.0
57,SP040-r1,155.78257217136425,1.0,8.0,15.0,21.0,29.0
58,SP040-r2,180.1998828190207,1.0,8.0,15.0,21.0,29.0
59,SP040-r3,203.54596545767123,1.0,8.0,15.0,21.0,29.0
60,SP042-r1,173.42535065782852,5.0,10.0,17.0,21.0,30.0
61,SP042-r2,185.9297877038286,5.0,10.0,17.0,21.0,30.0
62,SP042-r3,163.32659527277622,5.0,10.0,17.0,21.0,30.0
63,SP047-r1,124.59015966909192,1.0,7.0,15.0,19.0,25.0
64,SP047-r2,144.50091002806778,1.0,7.0,15.0,19.0,25.0
65,SP047-r3,121.73612402904268,1.0,7.0,15.0,19.0,25.0
66,SP048-r1,123.46302486234951,1.0,9.0,13.0,24.0,29.0
67,SP048-r2,132.0441808224071,1.0,9.0,13.0,24.0,29.0
68,SP048-r3,121.09200890279456,1.0,9.0,13.0,24.0,29.0
69,SP050-r1,169.4594883365973,2.0,10.0,16.0,22.0,26.0
70,SP050-r2,166.6919036916267,2.0,10.0,16.0,22.0,26.0
71,SP050-r3,172.5798181322852,2.0,10.0,16.0,22.0,26.0
72,SP054-r1,144.4620623250853,3.0,10.0,13.0,24.0,29.0
73,SP054-r2,158.51736385447686,3.0,10.0,13.0,24.0,29.0
74,SP054-r3,138.9679814883935,3.0,10.0,13.0,24.0,29.0
75,SP055-r1,109.37904881403118,5.0,11.0,15.0,22.0,25.0
76,SP055-r2,121.9904256492045,5.0,11.0,15.0,22.0,25.0
77,SP055-r3,133.36030284774787,5.0,11.0,15.0,22.0,25.0
78,SP056-r1,190.42839462463206,1.0,7.0,13.0,22.0,30.0
79,SP056-r2,184.26178871100095,1.0,7.0,13.0,22.0,30.0
80,SP056-r3,192.12117585119168,1.0,7.0,13.0,22.0,30.0
81,SP057-r1,118.62195260414549,3.0,11.0,15.0,23.0,29.0
82,SP057-r2,139.327444008353,3.0,11.0,15.0,23.0,29.0
83,SP057-r3,135.45561843535404,3.0,11.0,15.0,23.0,29.0
84,SP058-r1,124.49235923127162,1.0,8.0,13.0,21.0,25.0
85,SP058-r2,121.54980579728647,1.0,8.0,13.0,21.0,25.0
86,SP058-r3,120.78811714313392,1.0,8.0,13.0,21.0,25.0
87,SP062-r1,133.5255220012467,3.0,8.0,15.0,20.0,29.0
88,SP062-r2,123.59799811665995,3.0,8.0,15.0,20.0,29.0
89,SP062-r3,181.07257967678032,3.0,8.0,15.0,20.0,29.0
90,SP063-r1,165.1777337345008,4.0,8.0,13.0,24.0,26.0
91,SP063-r2,174.2881692138031,4.0,8.0,13.0,24.0,26.0
92,SP063-r3,160.6372087938764,4.0,8.0,13.0,24.0,26.0
93,SP064-r1,134.24962948756473,1.0,10.0,15.0,24.0,30.0
94,SP064-r2,147.09147931499237,1.0,10.0,15.0,24.0,30.0
95,SP064-r3,152.65191933257972,1.0,10.0,15.0,24.0,30.0
96,SP065-r1,90.87482764318287,2.0,8.0,15.0,19.0,29.0
97,SP065-r2,108.18295694774113,2.0,8.0,15.0,19.0,29.0
98,SP065-r3,118.96294427630829,2.0,8.0,15.0,19.0,29.0
99,SP066-r1,104.15294640357276,6.0,12.0,15.0,19.0,28.0
100,SP066-r2,128.49861791523287,6.0,12.0,15.0,19.0,28.0
101,SP066-r3,157.08439216753965,6.0,12.0,15.0,19.0,28.0
102,SP069-r1,79.98882835422908,1.0,11.0,13.0,24.0,27.0
103,SP069-r2,110.54678014208896,1.0,11.0,13.0,24.0,27.0
104,SP069-r3,83.02864958291786,1.0,11.0,13.0,24.0,27.0
105,SP071-r1,162.04265068679348,6.0,8.0,13.0,22.0,25.0
106,SP071-r2,156.45715275134899,6.0,8.0,13.0,22.0,25.0
107,SP071-r3,150.0307730029408,6.0,8.0,13.0,22.0,25.0
108,SP072-r1,74.60351805476988,1.0,9.0,15.0,22.0,27.0
109,SP072-r2,94.67687465119273,1.0,9.0,15.0,22.0,27.0
110,SP072-r3,64.78142682738783,1.0,9.0,15.0,22.0,27.0
111,SP074-r1,159.55136716003105,4.0,8.0,15.0,24.0,29.0
112,SP074-r2,185.91003748481057,4.0,8.0,15.0,24.0,29.0
113,SP074-r3,172.5429196815154,4.0,8.0,15.0,24.0,29.0
114,SP076-r1,157.58648714523687,5.0,11.0,13.0,24.0,26.0
115,SP076-r2,157.11393464970953,5.0,11.0,13.0,24.0,26.0
116,SP076-r3,141.99661281074947,5.0,11.0,13.0,24.0,26.0
117,SP079-r1,142.23214180589514,2.0,8.0,15.0,21.0,26.0
118,SP079-r2,177.74691151836544,2.0,8.0,15.0,21.0,26.0
119,SP079-r3,174.43406522992453,2.0,8.0,15.0,21.0,26.0
120,SP081-r1,114.5310230643401,2.0,7.0,15.0,21.0,30.0
121,SP081-r2,123.78349288091513,2.0,7.0,15.0,21.0,30.0
122,SP081-r3,144.4696235219985,2.0,7.0,15.0,21.0,30.0
123,SP082-r1,110.11009044826845,6.0,10.0,15.0,22.0,30.0
124,SP082-r2,111.70359991642819,6.0,10.0,15.0,22.0,30.0
125,SP082-r3,120.77339999270441,6.0,10.0,15.0,22.0,30.0
126,SP083-r1,194.9454213906346,3.0,12.0,16.0,20.0,25.0
127,SP083-r2,194.08234530735436,3.0,12.0,16.0,20.0,25.0
128,SP083-r3,223.48855189074013,3.0,12.0,16.0,20.0,25.0
129,SP087-r1,114.16709936798821,2.0,10.0,15.0,19.0,29.0
130,SP087-r2,132.50560752140268,2.0,10.0,15.0,19.0,29.0
131,SP087-r3,136.2027601923646,2.0,10.0,15.0,19.0,29.0
132,SP088-r1,178.27889421301953,5.0,11.0,16.0,24.0,25.0
133,SP088-r2,186.45080066504644,5.0,11.0,16.0,24.0,25.0
134,SP088-r3,183.13390287806428,5.0,11.0,16.0,24.0,25.0
135,SP091-r1,126.52656106408378,1.0,7.0,15.0,21.0,30.0
136,SP091-r2,154.5420276061199,1.0,7.0,15.0,21.0,30.0
137,SP091-r3,155.06639473027408,1.0,7.0,15.0,21.0,30.0
138,SP093-r1,182.0770849633497,3.0,11.0,13.0,19.0,26.0
139,SP093-r2,173.73479522180565,3.0,11.0,13.0,19.0,26.0
140,SP093-r3,178.37847543791852,3.0,11.0,13.0,19.0,26.0
141,SP094-r1,156.86949669874315,4.0,8.0,15.0,23.0,29.0
142,SP094-r2,145.9842180946312,4.0,8.0,15.0,23.0,29.0
143,SP094-r3,164.07838527852368,4.0,8.0,15.0,23.0,29.0
144,SP097-r1,149.19942113039968,6.0,9.0,16.0,22.0,25.0
145,SP097-r2,162.2576090621553,6.0,9.0,16.0,22.0,25.0
146,SP097-r3,178.3754440856373,6.0,9.0,16.0,22.0,25.0
147,SP098-r1,65.18208455710948,5.0,11.0,13.0,19.0,27.0
148,SP098-r2,79.29063995738883,5.0,11.0,13.0,19.0,27.0
149,SP098-r3,79.99526038417785,5.0,11.0,13.0,19.0,27.0
150,SP100-r1,155.24370330677752,2.0,10.0,16.0,19.0,26.0
151,SP100-r2,159.97854530632387,2.0,10.0,16.0,19.0,26.0
152,SP100-r3,148.95770601694034,2.0,10.0,16.0,19.0,26.0
153,SP105-r1,117.65500988797665,2.0,10.0,18.0,21.0,27.0
154,SP105-r2,120.92866222306792,2.0,10.0,18.0,21.0,27.0
155,SP105-r3,101.01517822094188,2.0,10.0,18.0,21.0,27.0
156,SP107-r1,58.91922325373843,2.0,12.0,18.0,22.0,30.0
157,SP107-r2,68.96125339674886,2.0,12.0,18.0,22.0,30.0
158,SP107-r3,70.37929480093749,2.0,12.0,18.0,22.0,30.0
159,SP108-r1,115.24735221473794,1.0,10.0,18.0,21.0,26.0
160,SP108-r2,120.6506658273061,1.0,10.0,18.0,21.0,26.0
161,SP108-r3,127.5098567000769,1.0,10.0,18.0,21.0,26.0
162,SP109-r1,186.43627258326663,3.0,11.0,17.0,21.0,30.0
163,SP109-r2,195.7989688807527,3.0,11.0,17.0,21.0,30.0
164,SP109-r3,197.12648454941373,3.0,11.0,17.0,21.0,30.0
165,SP110-r1,121.71588457508795,2.0,9.0,13.0,24.0,27.0
166,SP110-r2,131.52700086271375,2.0,9.0,13.0,24.0,27.0
167,SP110-r3,134.70081416434672,2.0,9.0,13.0,24.0,27.0
168,SP111-r1,112.06466486308845,1.0,9.0,15.0,24.0,26.0
169,SP111-r2,147.4765393850613,1.0,9.0,15.0,24.0,26.0
170,SP111-r3,137.08442396787947,1.0,9.0,15.0,24.0,26.0
171,SP116-r1,72.96541838781776,1.0,8.0,13.0,20.0,29.0
172,SP116-r2,87.08427422212718,1.0,8.0,13.0,20.0,29.0
173,SP116-r3,96.25977763455121,1.0,8.0,13.0,20.0,29.0
174,SP118-r1,218.10168697757615,6.0,10.0,17.0,19.0,29.0
175,SP118-r2,203.03824845198054,6.0,10.0,17.0,19.0,29.0
176,SP118-r3,203.2374293220345,6.0,10.0,17.0,19.0,29.0
177,SP119-r1,95.73954904017782,3.0,12.0,15.0,21.0,28.0
178,SP119-r2,124.38634853639334,3.0,12.0,15.0,21.0,28.0
179,SP119-r3,120.06944060690161,3.0,12.0,15.0,21.0,28.0
180,SP120-r1,136.12721205709298,1.0,10.0,13.0,19.0,27.0
181,SP120-r2,124.32918400213364,1.0,10.0,13.0,19.0,27.0
182,SP120-r3,121.56957413292253,1.0,10.0,13.0,19.0,27.0
183,SP123-r1,144.02656766465324,1.0,11.0,15.0,24.0,30.0
184,SP123-r2,156.14175042382323,1.0,11.0,15.0,24.0,30.0
185,SP123-r3,166.87045123323546,1.0,11.0,15.0,24.0,30.0
186,SP124-r1,185.95965532387888,3.0,12.0,13.0,19.0,26.0
187,SP124-r2,178.93227503985645,3.0,12.0,13.0,19.0,26.0
188,SP124-r3,172.3673560131796,3.0,12.0,13.0,19.0,26.0
189,SP126-r1,122.38431974346918,6.0,11.0,15.0,22.0,25.0
190,SP126-r2,114.60380569839606,6.0,11.0,15.0,22.0,25.0
191,SP126-r3,129.89528841356875,6.0,11.0,15.0,22.0,25.0
192,SP128-r1,215.0533069314647,2.0,7.0,17.0,19.0,29.0
193,SP128-r2,224.15277819375692,2.0,7.0,17.0,19.0,29.0
194,SP128-r3,207.04767833402056,2.0,7.0,17.0,19.0,29.0
195,SP130-r1,155.8338678992977,2.0,8.0,15.0,22.0,26.0
196,SP130-r2,169.80230165924877,2.0,8.0,15.0,22.0,26.0
197,SP130-r3,178.47726688614142,2.0,8.0,15.0,22.0,26.0
198,SP131-r1,125.87257399595518,3.0,11.0,15.0,19.0,29.0
199,SP131-r2,137.69624039168752,3.0,11.0,15.0,19.0,29.0
200,SP131-r3,133.94720747878097,3.0,11.0,15.0,19.0,29.0
201,SP132-r1,197.20900988059054,6.0,12.0,17.0,21.0,30.0
202,SP132-r2,191.29490162890642,6.0,12.0,17.0,21.0,30.0
203,SP132-r3,198.05703969234713,6.0,12.0,17.0,21.0,30.0
204,SP135-r1,137.49717039790798,2.0,10.0,15.0,21.0,30.0
205,SP135-r2,150.68823974219706,2.0,10.0,15.0,21.0,30.0
206,SP135-r3,154.06644735639247,2.0,10.0,15.0,21.0,30.0
207,SP137-r1,210.59017552535673,2.0,11.0,18.0,23.0,29.0
208,SP137-r2,208.53270201053388,2.0,11.0,18.0,23.0,29.0
209,SP137-r3,192.5516006128233,2.0,11.0,18.0,23.0,29.0
210,SP139-r1,183.3807997043686,3.0,10.0,18.0,22.0,26.0
211,SP139-r2,211.1489595144159,3.0,10.0,18.0,22.0,26.0
212,SP139-r3,192.43320429243047,3.0,10.0,18.0,22.0,26.0
213,SP145-r1,164.24627152387094,2.0,8.0,15.0,24.0,30.0
214,SP145-r2,163.87718176479038,2.0,8.0,15.0,24.0,30.0
215,SP145-r3,180.18158271039047,2.0,8.0,15.0,24.0,30.0
216,SP148-r1,209.7433735967018,6.0,12.0,18.0,24.0,25.0
217,SP148-r2,216.74616945910688,6.0,12.0,18.0,24.0,25.0
218,SP148-r3,205.82553442675027,6.0,12.0,18.0,24.0,25.0
219,SP150-r1,193.91712917351924,5.0,10.0,17.0,21.0,29.0
220,SP150-r2,201.12710078605014,5.0,10.0,17.0,21.0,29.0
221,SP150-r3,194.39139753446096,5.0,10.0,17.0,21.0,29.0
222,SP152-r1,150.93557905019875,2.0,8.0,15.0,20.0,27.0
223,SP152-r2,175.89253514941666,2.0,8.0,15.0,20.0,27.0
224,SP152-r3,170.27503770634496,2.0,8.0,15.0,20.0,27.0
225,SP153-r1,106.82919452999441,5.0,11.0,13.0,23.0,29.0
226,SP153-r2,98.2904018154949,5.0,11.0,13.0,23.0,29.0
227,SP153-r3,93.53753809628594,5.0,11.0,13.0,23.0,29.0
228,SP156-r1,181.15995283329735,6.0,9.0,18.0,20.0,25.0
229,SP156-r2,187.01378875785184,6.0,9.0,18.0,20.0,25.0
230,SP156-r3,179.35778657970897,6.0,9.0,18.0,20.0,25.0
231,SP158-r1,156.64655260177008,6.0,8.0,18.0,19.0,30.0
232,SP158-r2,157.21020135513186,6.0,8.0,18.0,19.0,30.0
233,SP158-r3,174.479259678302,6.0,8.0,18.0,19.0,30.0
234,SP160-r1,196.06948416063855,1.0,10.0,13.0,20.0,25.0
235,SP160-r2,183.0891429334712,1.0,10.0,13.0,20.0,25.0
236,SP160-r3,181.5012480192835,1.0,10.0,13.0,20.0,25.0
237,SP164-r1,195.14250765848033,2.0,12.0,16.0,22.0,28.0
238,SP164-r2,212.1295238377244,2.0,12.0,16.0,22.0,28.0
239,SP164-r3,194.84779738032404,2.0,12.0,16.0,22.0,28.0
240,SP165-r1,124.77023772560965,1.0,10.0,15.0,24.0,29.0
241,SP165-r2,126.57371944633599,1.0,10.0,15.0,24.0,29.0
242,SP165-r3,129.15462910691858,1.0,10.0,15.0,24.0,29.0
243,SP166-r1,110.85780435382743,4.0,12.0,13.0,24.0,30.0
244,SP166-r2,108.12631839550464,4.0,12.0,13.0,24.0,30.0
245,SP166-r3,104.30898387934147,4.0,12.0,13.0,24.0,30.0
246,SP167-r1,99.30342930695511,3.0,9.0,15.0,21.0,30.0
247,SP167-r2,120.40787689902267,3.0,9.0,15.0,21.0,30.0
248,SP167-r3,115.86076282490585,3.0,9.0,15.0,21.0,30.0
249,SP171-r1,122.7754852785867,3.0,10.0,15.0,19.0,26.0
250,SP171-r2,153.0262404551774,3.0,10.0,15.0,19.0,26.0
251,SP171-r3,151.39810836929522,3.0,10.0,15.0,19.0,26.0
252,SP172-r1,199.77971212087473,3.0,9.0,13.0,24.0,29.0
253,SP172-r2,179.2380461696858,3.0,9.0,13.0,24.0,29.0
254,SP172-r3,165.03903326404603,3.0,9.0,13.0,24.0,29.0
255,SP176-r1,148.6386159873844,2.0,8.0,15.0,22.0,27.0
256,SP176-r2,192.82176183444412,2.0,8.0,15.0,22.0,27.0
257,SP176-r3,196.4115870601405,2.0,8.0,15.0,22.0,27.0
258,SP179-r1,196.96597176805412,4.0,12.0,17.0,22.0,25.0
259,SP179-r2,209.13703165959924,4.0,12.0,17.0,22.0,25.0
260,SP179-r3,191.97021063318644,4.0,12.0,17.0,22.0,25.0
261,SP180-r1,213.0699999664559,1.0,12.0,18.0,22.0,26.0
262,SP180-r2,209.02500690758185,1.0,12.0,18.0,22.0,26.0
263,SP180-r3,194.89448586608484,1.0,12.0,18.0,22.0,26.0
264,SP182-r1,155.00294096857323,4.0,11.0,13.0,21.0,27.0
265,SP182-r2,168.0560730966163,4.0,11.0,13.0,21.0,27.0
266,SP182-r3,152.72662770510698,4.0,11.0,13.0,21.0,27.0
267,SP183-r1,101.00702916084494,5.0,9.0,15.0,24.0,25.0
268,SP183-r2,104.24320456650777,5.0,9.0,15.0,24.0,25.0
269,SP183-r3,108.91131905376828,5.0,9.0,15.0,24.0,25.0
270,SP191-r1,231.82333942480807,6.0,11.0,16.0,20.0,29.0
271,SP191-r2,220.46548544795922,6.0,11.0,16.0,20.0,29.0
272,SP191-r3,216.91520085013326,6.0,11.0,16.0,20.0,29.0
273,SP193-r1,222.60571570859685,5.0,7.0,17.0,22.0,30.0
274,SP193-r2,212.01055950609765,5.0,7.0,17.0,22.0,30.0
275,SP193-r3,229.26169244031408,5.0,7.0,17.0,22.0,30.0
276,SP194-r1,135.26358699291075,4.0,9.0,15.0,19.0,27.0
277,SP194-r2,141.37289547919926,4.0,9.0,15.0,19.0,27.0
278,SP194-r3,125.30821564225221,4.0,9.0,15.0,19.0,27.0
279,SP195-r1,176.47487810723638,1.0,8.0,15.0,21.0,27.0
280,SP195-r2,166.77434191247139,1.0,8.0,15.0,21.0,27.0
281,SP195-r3,184.65384951277764,1.0,8.0,15.0,21.0,27.0
282,SP196-r1,159.58580822528188,3.0,8.0,15.0,22.0,25.0
283,SP196-r2,174.154655384937,3.0,8.0,15.0,22.0,25.0
284,SP196-r3,167.78679131891423,3.0,8.0,15.0,22.0,25.0
285,SP198-r1,155.58590390830383,1.0,11.0,15.0,20.0,29.0
286,SP198-r2,170.57389713889802,1.0,11.0,15.0,20.0,29.0
287,SP198-r3,144.5801199886951,1.0,11.0,15.0,20.0,29.0
288,SP203-r1,88.07532410447654,6.0,9.0,15.0,19.0,29.0
289,SP203-r2,94.84505615989231,6.0,9.0,15.0,19.0,29.0
290,SP203-r3,92.69979283303975,6.0,9.0,15.0,19.0,29.0
291,SP204-r1,196.0322445484728,3.0,10.0,13.0,23.0,30.0
292,SP204-r2,192.2437612861422,3.0,10.0,13.0,23.0,30.0
293,SP204-r3,193.91937429117039,3.0,10.0,13.0,23.0,30.0
294,SP205-r1,183.642357049381,5.0,12.0,13.0,24.0,26.0
295,SP205-r2,161.69788897329644,5.0,12.0,13.0,24.0,26.0
296,SP205-r3,192.99693439662647,5.0,12.0,13.0,24.0,26.0
297,SP207-r1,127.20605162604772,3.0,7.0,15.0,24.0,25.0
298,SP207-r2,137.6986817563005,3.0,7.0,15.0,24.0,25.0
299,SP207-r3,112.07649013638598,3.0,7.0,15.0,24.0,25.0
300,SP208-r1,219.6434409704577,4.0,8.0,17.0,19.0,25.0
301,SP208-r2,212.07139143311795,4.0,8.0,17.0,19.0,25.0
302,SP208-r3,201.75695951558862,4.0,8.0,17.0,19.0,25.0
303,SP209-r1,193.37366144159708,6.0,11.0,16.0,20.0,25.0
304,SP209-r2,193.72688753636675,6.0,11.0,16.0,20.0,25.0
305,SP209-r3,175.66115019710267,6.0,11.0,16.0,20.0,25.0
306,SP210-r1,180.48162096979294,2.0,9.0,17.0,21.0,25.0
307,SP210-r2,177.33712952535936,2.0,9.0,17.0,21.0,25.0
308,SP210-r3,174.0559233539467,2.0,9.0,17.0,21.0,25.0
309,SP211-r1,189.98503487313985,2.0,8.0,17.0,24.0,26.0
310,SP211-r2,174.4903056792647,2.0,8.0,17.0,24.0,26.0
311,SP211-r3,180.70713234502682,2.0,8.0,17.0,24.0,26.0
312,SP212-r1,186.5582250334512,1.0,8.0,16.0,20.0,28.0
313,SP212-r2,194.58927551565074,1.0,8.0,16.0,20.0,28.0
314,SP212-r3,203.05427916915536,1.0,8.0,16.0,20.0,28.0
315,SP214-r1,64.88269026027685,1.0,8.0,13.0,20.0,29.0
316,SP214-r2,68.67531406574862,1.0,8.0,13.0,20.0,29.0
317,SP214-r3,64.85424456685799,1.0,8.0,13.0,20.0,29.0
318,SP215-r1,92.23211816785154,1.0,9.0,15.0,22.0,29.0
319,SP215-r2,98.36098162495341,1.0,9.0,15.0,22.0,29.0
320,SP215-r3,97.85554285823616,1.0,9.0,15.0,22.0,29.0
321,SP216-r1,183.48568082654438,4.0,10.0,13.0,19.0,29.0
322,SP216-r2,170.67892025744067,4.0,10.0,13.0,19.0,29.0
323,SP216-r3,170.64673307844353,4.0,10.0,13.0,19.0,29.0
324,SP218-r2,84.34090522820308,1.0,12.0,13.0,22.0,27.0
325,SP219-r1,119.62157144374845,1.0,10.0,13.0,21.0,27.0
326,SP219-r2,123.46822611577144,1.0,10.0,13.0,21.0,27.0
327,SP219-r3,129.04693698092552,1.0,10.0,13.0,21.0,27.0
328,SP220-r1,83.99361951654333,3.0,9.0,15.0,19.0,25.0
329,SP220-r2,140.2621623039254,3.0,9.0,15.0,19.0,25.0
330,SP220-r3,111.09944868635208,3.0,9.0,15.0,19.0,25.0
331,SP221-r1,123.49046664552057,6.0,7.0,15.0,22.0,30.0
332,SP221-r2,122.26897363841462,6.0,7.0,15.0,22.0,30.0
333,SP221-r3,99.83686284714801,6.0,7.0,15.0,22.0,30.0
334,SP222-r1,215.7068211439672,2.0,8.0,16.0,19.0,26.0
335,SP222-r2,207.55932909596692,2.0,8.0,16.0,19.0,26.0
336,SP222-r3,239.55158063642327,2.0,8.0,16.0,19.0,26.0
337,SP224-r1,79.99066449982473,6.0,12.0,13.0,20.0,28.0
338,SP224-r2,117.7225147397273,6.0,12.0,13.0,20.0,28.0
339,SP224-r3,174.08550246041102,6.0,12.0,13.0,20.0,28.0
340,SP226-r1,127.82463717791462,4.0,11.0,13.0,22.0,25.0
341,SP226-r2,132.19796157473925,4.0,11.0,13.0,22.0,25.0
342,SP226-r3,125.60177818895102,4.0,11.0,13.0,22.0,25.0
343,SP229-r1,117.72482839891872,6.0,11.0,15.0,19.0,25.0
344,SP229-r2,119.74765675312854,6.0,11.0,15.0,19.0,25.0
345,SP229-r3,120.41186722173406,6.0,11.0,15.0,19.0,25.0
346,SP230-r1,129.77134067587693,4.0,10.0,15.0,23.0,27.0
347,SP230-r2,129.62337215095204,4.0,10.0,15.0,23.0,27.0
348,SP230-r3,114.48322848016758,4.0,10.0,15.0,23.0,27.0
349,SP231-r1,154.12165452796228,6.0,9.0,16.0,21.0,25.0
350,SP231-r2,146.8109150666795,6.0,9.0,16.0,21.0,25.0
351,SP231-r3,142.51718055511256,6.0,9.0,16.0,21.0,25.0
352,SP233-r1,130.28609623986753,6.0,12.0,15.0,21.0,27.0
353,SP233-r2,164.32430572267424,6.0,12.0,15.0,21.0,27.0
354,SP233-r3,147.5552303599617,6.0,12.0,15.0,21.0,27.0
355,SP234-r1,167.62609991008722,1.0,9.0,16.0,22.0,29.0
356,SP234-r2,165.16977437563258,1.0,9.0,16.0,22.0,29.0
357,SP234-r3,165.7313247023402,1.0,9.0,16.0,22.0,29.0
358,SP237-r1,111.52192072693768,1.0,11.0,15.0,20.0,25.0
359,SP237-r2,136.52731768447177,1.0,11.0,15.0,20.0,25.0
360,SP237-r3,122.65385706947866,1.0,11.0,15.0,20.0,25.0
361,SP238-r1,150.32587634674877,4.0,10.0,16.0,24.0,30.0
362,SP238-r2,149.67688399691187,4.0,10.0,16.0,24.0,30.0
363,SP238-r3,151.5273677809991,4.0,10.0,16.0,24.0,30.0
364,SP239-r1,184.4381944806921,5.0,9.0,13.0,24.0,29.0
365,SP239-r2,182.5970710154193,5.0,9.0,13.0,24.0,29.0
366,SP239-r3,186.82894198255602,5.0,9.0,13.0,24.0,29.0
367,SP244-r1,202.91710513913407,3.0,11.0,16.0,20.0,30.0
368,SP244-r2,193.16457968878242,3.0,11.0,16.0,20.0,30.0
369,SP244-r3,180.5066287883454,3.0,11.0,16.0,20.0,30.0
370,SP245-r1,48.65197401040089,6.0,9.0,15.0,24.0,25.0
371,SP245-r2,38.80173644823841,6.0,9.0,15.0,24.0,25.0
372,SP247-r1,83.53057384160651,1.0,9.0,18.0,24.0,25.0
373,SP247-r2,76.8399800441558,1.0,9.0,18.0,24.0,25.0
374,SP247-r3,79.52639977851078,1.0,9.0,18.0,24.0,25.0
375,SP251-r1,146.38421860730367,2.0,9.0,17.0,22.0,27.0
376,SP251-r2,161.1342591378265,2.0,9.0,17.0,22.0,27.0
377,SP251-r3,180.8189026715291,2.0,9.0,17.0,22.0,27.0
378,SP252-r1,199.1062427565161,2.0,8.0,17.0,20.0,28.0
379,SP252-r2,204.97378585687835,2.0,8.0,17.0,20.0,28.0
380,SP252-r3,211.5634110452874,2.0,8.0,17.0,20.0,28.0
381,SP254-r1,165.1739689158994,1.0,9.0,13.0,21.0,30.0
382,SP254-r2,168.05456494787424,1.0,9.0,13.0,21.0,30.0
383,SP254-r3,171.17888972161722,1.0,9.0,13.0,21.0,30.0
384,SP255-r1,150.18442380232176,3.0,10.0,15.0,20.0,30.0
385,SP255-r2,148.9699327886934,3.0,10.0,15.0,20.0,30.0
386,SP255-r3,151.54327591211316,3.0,10.0,15.0,20.0,30.0
387,SP258-r1,203.8553769318084,2.0,11.0,17.0,22.0,30.0
388,SP258-r2,198.7638047991535,2.0,11.0,17.0,22.0,30.0
389,SP258-r3,198.3659336502174,2.0,11.0,17.0,22.0,30.0
390,SP259-r1,153.19513858266367,1.0,12.0,15.0,19.0,27.0
391,SP259-r2,142.29756845617786,1.0,12.0,15.0,19.0,27.0
392,SP259-r3,158.25875806001494,1.0,12.0,15.0,19.0,27.0
393,SP261-r1,220.48330737476763,2.0,8.0,16.0,21.0,30.0
394,SP261-r2,210.5652382036092,2.0,8.0,16.0,21.0,30.0
395,SP261-r3,204.67288529028042,2.0,8.0,16.0,21.0,30.0
396,SP262-r1,136.58881535753073,4.0,11.0,15.0,24.0,30.0
397,SP262-r2,149.88883762116143,4.0,11.0,15.0,24.0,30.0
398,SP262-r3,145.18559786379464,4.0,11.0,15.0,24.0,30.0
399,SP263-r1,217.6781738044083,6.0,8.0,17.0,24.0,29.0
400,SP263-r2,220.28084846939115,6.0,8.0,17.0,24.0,29.0
401,SP263-r3,219.0639283026338,6.0,8.0,17.0,24.0,29.0
402,SP264-r1,252.18783143588627,1.0,8.0,16.0,21.0,26.0
403,SP264-r2,227.4853578946494,1.0,8.0,16.0,21.0,26.0
404,SP264-r3,218.14078292104696,1.0,8.0,16.0,21.0,26.0
405,SP267-r1,205.2851964479049,5.0,9.0,13.0,24.0,30.0
406,SP267-r2,200.7610418555076,5.0,9.0,13.0,24.0,30.0
407,SP267-r3,172.6835301034628,5.0,9.0,13.0,24.0,30.0
408,SP269-r1,191.89708239249293,1.0,7.0,16.0,24.0,25.0
409,SP269-r2,203.98090677769147,1.0,7.0,16.0,24.0,25.0
410,SP269-r3,191.03399093106094,1.0,7.0,16.0,24.0,25.0
411,SP270-r1,104.66121007460951,2.0,10.0,15.0,21.0,30.0
412,SP270-r2,134.706720850578,2.0,10.0,15.0,21.0,30.0
413,SP270-r3,128.90832878635564,2.0,10.0,15.0,21.0,30.0
414,SP271-r1,265.42327534792696,6.0,8.0,16.0,19.0,29.0
415,SP271-r2,242.9733029139068,6.0,8.0,16.0,19.0,29.0
416,SP271-r3,258.560253680542,6.0,8.0,16.0,19.0,29.0
417,SP272-r1,196.21693436652595,3.0,11.0,17.0,24.0,25.0
418,SP272-r2,186.7891581424834,3.0,11.0,17.0,24.0,25.0
419,SP272-r3,203.35480941532316,3.0,11.0,17.0,24.0,25.0
420,SP276-r1,155.2854185453615,2.0,7.0,14.0,24.0,25.0
421,SP276-r2,131.55740788609722,2.0,7.0,14.0,24.0,25.0
422,SP276-r3,137.4152331753325,2.0,7.0,14.0,24.0,25.0
423,SP277-r1,228.11185530163965,6.0,9.0,17.0,22.0,29.0
424,SP277-r2,217.63596888854474,6.0,9.0,17.0,22.0,29.0
425,SP277-r3,214.29504808962722,6.0,9.0,17.0,22.0,29.0
426,SP279-r1,134.97918633492816,2.0,11.0,15.0,22.0,30.0
427,SP279-r2,152.72143559565023,2.0,11.0,15.0,22.0,30.0
428,SP279-r3,161.17822402539892,2.0,11.0,15.0,22.0,30.0
429,SP281-r1,186.14152228788015,1.0,12.0,16.0,24.0,26.0
430,SP281-r2,185.33055200758417,1.0,12.0,16.0,24.0,26.0
431,SP281-r3,188.06973823295877,1.0,12.0,16.0,24.0,26.0
432,SP282-r1,100.44543935716972,5.0,9.0,15.0,24.0,27.0
433,SP282-r2,121.44288278968408,5.0,9.0,15.0,24.0,27.0
434,SP282-r3,85.83451560387996,5.0,9.0,15.0,24.0,27.0
435,SP284-r1,69.04549588828074,3.0,11.0,13.0,20.0,27.0
436,SP284-r2,91.97411030370607,3.0,11.0,13.0,20.0,27.0
437,SP284-r3,83.22490468729129,3.0,11.0,13.0,20.0,27.0
438,SP287-r1,138.39196741861022,1.0,7.0,15.0,19.0,27.0
439,SP287-r2,150.72757105324874,1.0,7.0,15.0,19.0,27.0
440,SP287-r3,149.74279453125098,1.0,7.0,15.0,19.0,27.0
441,SP289-r1,117.96001192225407,2.0,10.0,15.0,19.0,29.0
442,SP289-r2,148.0225775399111,2.0,10.0,15.0,19.0,29.0
443,SP289-r3,134.99530988010548,2.0,10.0,15.0,19.0,29.0
444,SP291-r1,97.89307788750241,1.0,9.0,15.0,24.0,26.0
445,SP291-r2,125.35609515422335,1.0,9.0,15.0,24.0,26.0
446,SP291-r3,135.16533210732447,1.0,9.0,15.0,24.0,26.0
447,SP292-r1,213.29309952879612,3.0,11.0,17.0,23.0,30.0
448,SP292-r2,206.18726231158146,3.0,11.0,17.0,23.0,30.0
449,SP292-r3,204.4103487440207,3.0,11.0,17.0,23.0,30.0
450,SP296-r1,242.24693363303547,2.0,7.0,16.0,19.0,27.0
451,SP296-r2,230.41600614781007,2.0,7.0,16.0,19.0,27.0
452,SP296-r3,249.0046196486664,2.0,7.0,16.0,19.0,27.0
453,SP297-r1,153.28725909585495,4.0,7.0,15.0,24.0,26.0
454,SP297-r2,147.6402713699998,4.0,7.0,15.0,24.0,26.0
455,SP297-r3,144.77241605070725,4.0,7.0,15.0,24.0,26.0
456,SP298-r1,225.6124302419913,1.0,11.0,17.0,24.0,25.0
457,SP298-r2,193.99667817206677,1.0,11.0,17.0,24.0,25.0
458,SP298-r3,214.1567261384915,1.0,11.0,17.0,24.0,25.0
459,SP299-r1,195.34470640227354,4.0,7.0,16.0,19.0,25.0
460,SP299-r2,173.98097695622832,4.0,7.0,16.0,19.0,25.0
461,SP299-r3,195.84979987976774,4.0,7.0,16.0,19.0,25.0
462,SP309-r1,187.85260201247797,4.0,11.0,16.0,19.0,27.0
463,SP309-r2,176.16423428675213,4.0,11.0,16.0,19.0,27.0
464,SP309-r3,172.3113648137786,4.0,11.0,16.0,19.0,27.0
465,SP310-r1,208.15140624837989,4.0,12.0,17.0,21.0,26.0
466,SP310-r2,176.14311196721604,4.0,12.0,17.0,21.0,26.0
467,SP310-r3,173.0293093967966,4.0,12.0,17.0,21.0,26.0
468,SP315-r1,248.15194682569364,1.0,8.0,16.0,20.0,25.0
469,SP315-r2,243.56843567727583,1.0,8.0,16.0,20.0,25.0
470,SP315-r3,231.56888433525128,1.0,8.0,16.0,20.0,25.0
471,SP316-r1,195.34544619905304,4.0,11.0,13.0,19.0,30.0
472,SP316-r2,160.5921813958457,4.0,11.0,13.0,19.0,30.0
473,SP316-r3,138.74383546648227,4.0,11.0,13.0,19.0,30.0
474,SP318-r1,130.05989039393864,6.0,11.0,15.0,22.0,29.0
475,SP318-r2,119.56767239476,6.0,11.0,15.0,22.0,29.0
476,SP318-r3,110.60834052144895,6.0,11.0,15.0,22.0,29.0
477,SP319-r1,203.05245251077147,4.0,9.0,17.0,20.0,27.0
478,SP319-r2,201.8091415640728,4.0,9.0,17.0,20.0,27.0
479,SP319-r3,202.90868907621538,4.0,9.0,17.0,20.0,27.0
480,SP320-r1,137.76718021346983,5.0,11.0,15.0,19.0,29.0
481,SP320-r2,115.53480625963485,5.0,11.0,15.0,19.0,29.0
482,SP320-r3,124.66047783804457,5.0,11.0,15.0,19.0,29.0
483,SP321-r1,127.54248393266647,1.0,9.0,13.0,20.0,27.0
484,SP321-r2,126.39599873528947,1.0,9.0,13.0,20.0,27.0
485,SP321-r3,125.05222672995224,1.0,9.0,13.0,20.0,27.0
486,SP324-r1,224.65898263244856,3.0,10.0,16.0,20.0,29.0
487,SP324-r2,215.596316615209,3.0,10.0,16.0,20.0,29.0
488,SP324-r3,194.0842652803451,3.0,10.0,16.0,20.0,29.0
489,SP327-r1,231.43017851661483,6.0,9.0,13.0,20.0,25.0
490,SP327-r2,218.28099818867454,6.0,9.0,13.0,20.0,25.0
491,SP327-r3,195.97479140130906,6.0,9.0,13.0,20.0,25.0
492,SP330-r1,247.8987678072058,2.0,7.0,16.0,20.0,29.0
493,SP330-r2,232.70229375469606,2.0,7.0,16.0,20.0,29.0
494,SP330-r3,201.04897362675842,2.0,7.0,16.0,20.0,29.0
495,SP334-r1,116.6456323176963,1.0,10.0,15.0,20.0,26.0
496,SP334-r2,129.72537817174253,1.0,10.0,15.0,20.0,26.0
497,SP334-r3,148.75524905322362,1.0,10.0,15.0,20.0,26.0
498,SP335-r1,117.37500885841537,3.0,9.0,15.0,22.0,27.0
499,SP335-r2,126.14856623109335,3.0,9.0,15.0,22.0,27.0
500,SP335-r3,131.42125478665207,3.0,9.0,15.0,22.0,27.0
501,SP338-r1,181.84971571869661,1.0,9.0,17.0,20.0,27.0
502,SP338-r2,183.2171257350664,1.0,9.0,17.0,20.0,27.0
503,SP338-r3,189.5433437018361,1.0,9.0,17.0,20.0,27.0
504,SP341-r1,134.7535834023533,4.0,12.0,13.0,24.0,28.0
505,SP341-r2,116.58847013173738,4.0,12.0,13.0,24.0,28.0
506,SP341-r3,124.16844285688448,4.0,12.0,13.0,24.0,28.0
507,SP342-r1,249.8670730986557,3.0,9.0,13.0,19.0,25.0
508,SP342-r2,194.21533080006142,3.0,9.0,13.0,19.0,25.0
509,SP342-r3,200.6892108483516,3.0,9.0,13.0,19.0,25.0
510,SP344-r1,217.9856059924504,3.0,7.0,17.0,20.0,30.0
511,SP344-r2,202.74706652639546,3.0,7.0,17.0,20.0,30.0
512,SP344-r3,187.92564870372908,3.0,7.0,17.0,20.0,30.0
513,SP345-r1,128.66845141447956,5.0,7.0,15.0,22.0,29.0
514,SP345-r2,155.77789427804007,5.0,7.0,15.0,22.0,29.0
515,SP345-r3,158.3403080636701,5.0,7.0,15.0,22.0,29.0
516,SP347-r1,112.23193441939175,6.0,9.0,15.0,20.0,30.0
517,SP347-r2,126.20029727409343,6.0,9.0,15.0,20.0,30.0
518,SP347-r3,138.83336749383383,6.0,9.0,15.0,20.0,30.0
519,SP348-r1,208.67730421402453,4.0,8.0,13.0,19.0,26.0
520,SP348-r2,178.3789749584618,4.0,8.0,13.0,19.0,26.0
521,SP348-r3,171.92434193705404,4.0,8.0,13.0,19.0,26.0
522,SP349-r1,141.89974914624608,1.0,12.0,13.0,21.0,25.0
523,SP349-r2,126.58455732229955,1.0,12.0,13.0,21.0,25.0
524,SP349-r3,121.63406318519812,1.0,12.0,13.0,21.0,25.0
525,SP350-r1,278.2661734737561,1.0,9.0,13.0,21.0,29.0
526,SP350-r2,155.8309215875312,1.0,9.0,13.0,21.0,29.0
527,SP350-r3,51.04912321546004,1.0,9.0,13.0,21.0,29.0
528,SP354-r1,69.0478043155396,4.0,8.0,13.0,20.0,27.0
529,SP354-r2,120.68174701291028,4.0,8.0,13.0,20.0,27.0
530,SP354-r3,171.15918369440843,4.0,8.0,13.0,20.0,27.0
531,SP357-r1,161.92752154045846,6.0,7.0,17.0,24.0,27.0
532,SP357-r2,163.01671123088016,6.0,7.0,17.0,24.0,27.0
533,SP357-r3,139.2515286516621,6.0,7.0,17.0,24.0,27.0
534,SP358-r1,181.64561822158282,5.0,9.0,13.0,21.0,25.0
535,SP358-r2,158.81508230578598,5.0,9.0,13.0,21.0,25.0
536,SP358-r3,166.42598680331537,5.0,9.0,13.0,21.0,25.0
537,SP359-r1,189.09844519235136,1.0,8.0,16.0,24.0,25.0
538,SP359-r2,185.3811125469226,1.0,8.0,16.0,24.0,25.0
539,SP359-r3,188.39546777267955,1.0,8.0,16.0,24.0,25.0
540,SP360-r1,158.5777349150622,2.0,8.0,15.0,23.0,25.0
541,SP360-r2,167.43924093508673,2.0,8.0,15.0,23.0,25.0
542,SP360-r3,172.03196474788882,2.0,8.0,15.0,23.0,25.0
543,SP361-r1,149.8620794428771,1.0,11.0,17.0,20.0,27.0
544,SP361-r2,153.51631185608647,1.0,11.0,17.0,20.0,27.0
545,SP361-r3,127.43304533372414,1.0,11.0,17.0,20.0,27.0
546,SP363-r1,167.5266152872496,4.0,9.0,16.0,19.0,29.0
547,SP363-r2,178.1066702198834,4.0,9.0,16.0,19.0,29.0
548,SP363-r3,168.2274263024846,4.0,9.0,16.0,19.0,29.0
549,SP364-r1,49.231573005044325,5.0,11.0,13.0,23.0,27.0
550,SP364-r2,68.75238993056071,5.0,11.0,13.0,23.0,27.0
551,SP364-r3,72.00182866816493,5.0,11.0,13.0,23.0,27.0
552,SP365-r1,147.36466579758408,4.0,12.0,15.0,20.0,26.0
553,SP365-r2,227.14178027499057,4.0,12.0,15.0,20.0,26.0
554,SP365-r3,166.80261119106922,4.0,12.0,15.0,20.0,26.0
555,SP366-r1,187.13592401624686,1.0,8.0,17.0,22.0,27.0
556,SP366-r2,176.003659968381,1.0,8.0,17.0,22.0,27.0
557,SP366-r3,173.10803908135026,1.0,8.0,17.0,22.0,27.0
558,SP367-r1,67.62548003812904,1.0,9.0,15.0,19.0,27.0
559,SP367-r2,60.837591578669546,1.0,9.0,15.0,19.0,27.0
560,SP367-r3,53.786436340046926,1.0,9.0,15.0,19.0,27.0
561,SP369-r1,264.7752167563802,2.0,8.0,17.0,19.0,25.0
562,SP369-r2,221.60774261197832,2.0,8.0,17.0,19.0,25.0
563,SP369-r3,240.6299865739879,2.0,8.0,17.0,19.0,25.0
564,SP370-r1,229.54903370852313,3.0,11.0,16.0,24.0,26.0
565,SP370-r2,194.20987899210684,3.0,11.0,16.0,24.0,26.0
566,SP370-r3,220.87890701633953,3.0,11.0,16.0,24.0,26.0
567,SP371-r1,246.27168736659715,5.0,10.0,13.0,21.0,25.0
568,SP371-r2,193.79538785000938,5.0,10.0,13.0,21.0,25.0
569,SP371-r3,193.51015029957136,5.0,10.0,13.0,21.0,25.0
570,SP375-r1,205.79434505783016,5.0,11.0,16.0,19.0,30.0
571,SP375-r2,189.93892084145062,5.0,11.0,16.0,19.0,30.0
572,SP375-r3,183.43184675429225,5.0,11.0,16.0,19.0,30.0
573,SP376-r1,129.02234543187927,2.0,11.0,15.0,19.0,25.0
574,SP376-r2,126.19525517467417,2.0,11.0,15.0,19.0,25.0
575,SP376-r3,123.96822958504244,2.0,11.0,15.0,19.0,25.0
576,SP378-r1,175.9404403563972,5.0,8.0,15.0,21.0,29.0
577,SP378-r2,140.2028194690766,5.0,8.0,15.0,21.0,29.0
578,SP378-r3,148.60114969774247,5.0,8.0,15.0,21.0,29.0
579,SP379-r1,106.29040850648104,6.0,11.0,15.0,23.0,26.0
580,SP379-r2,115.0002555453982,6.0,11.0,15.0,23.0,26.0
581,SP379-r3,125.82913104767492,6.0,11.0,15.0,23.0,26.0
582,SP380-r1,193.13765705423575,1.0,11.0,13.0,19.0,27.0
583,SP380-r2,116.41280168859399,1.0,11.0,13.0,19.0,27.0
584,SP380-r3,122.73551027545795,1.0,11.0,13.0,19.0,27.0
585,SP382-r1,171.2892694809099,4.0,8.0,15.0,22.0,27.0
586,SP382-r2,129.5032479288061,4.0,8.0,15.0,22.0,27.0
587,SP382-r3,164.92379920838812,4.0,8.0,15.0,22.0,27.0
588,SP385-r1,90.73325668312317,2.0,10.0,18.0,24.0,30.0
589,SP385-r2,94.11439526210786,2.0,10.0,18.0,24.0,30.0
590,SP385-r3,99.43976914526579,2.0,10.0,18.0,24.0,30.0
591,SP386-r1,211.09035750846482,1.0,11.0,16.0,22.0,30.0
592,SP386-r2,206.17980188985484,1.0,11.0,16.0,22.0,30.0
593,SP386-r3,243.11549715867335,1.0,11.0,16.0,22.0,30.0
594,SP389-r1,173.78096896350365,2.0,7.0,17.0,19.0,27.0
595,SP389-r2,174.328081669347,2.0,7.0,17.0,19.0,27.0
596,SP389-r3,196.25759470467193,2.0,7.0,17.0,19.0,27.0
597,SP390-r1,123.78687135655072,1.0,11.0,13.0,20.0,26.0
598,SP390-r2,133.12292576173758,1.0,11.0,13.0,20.0,26.0
599,SP390-r3,130.21633208559757,1.0,11.0,13.0,20.0,26.0
600,SP391-r1,206.51751962980592,4.0,11.0,17.0,22.0,30.0
601,SP391-r2,194.21109369704817,4.0,11.0,17.0,22.0,30.0
602,SP391-r3,188.8710926181673,4.0,11.0,17.0,22.0,30.0
603,SP393-r1,120.9298271426925,2.0,7.0,15.0,21.0,30.0
604,SP393-r2,129.35129680521635,2.0,7.0,15.0,21.0,30.0
605,SP393-r3,124.16696173477857,2.0,7.0,15.0,21.0,30.0
606,SP394-r1,103.33621626032871,4.0,11.0,15.0,22.0,28.0
607,SP394-r2,112.63898178200206,4.0,11.0,15.0,22.0,28.0
608,SP394-r3,99.94922491390969,4.0,11.0,15.0,22.0,28.0
609,SP401-r1,111.5511278077427,1.0,9.0,15.0,21.0,27.0
610,SP401-r2,138.2907952980637,1.0,9.0,15.0,21.0,27.0
611,SP401-r3,138.78350197693032,1.0,9.0,15.0,21.0,27.0
612,SP402-r1,224.72160686097612,4.0,8.0,16.0,20.0,30.0
613,SP402-r2,191.84532514425564,4.0,8.0,16.0,20.0,30.0
614,SP402-r3,186.27766938672417,4.0,8.0,16.0,20.0,30.0
615,SP403-r1,129.66397761740862,1.0,10.0,13.0,19.0,27.0
616,SP403-r2,126.33246840447403,1.0,10.0,13.0,19.0,27.0
617,SP403-r3,148.60227542571405,1.0,10.0,13.0,19.0,27.0
618,SP404-r1,218.70722791640043,3.0,7.0,13.0,22.0,29.0
619,SP404-r2,180.52854492613167,3.0,7.0,13.0,22.0,29.0
620,SP404-r3,202.5359478741988,3.0,7.0,13.0,22.0,29.0
621,SP405-r1,214.7903671394723,6.0,8.0,17.0,24.0,26.0
622,SP405-r2,218.4245341863442,6.0,8.0,17.0,24.0,26.0
623,SP405-r3,202.42440231441068,6.0,8.0,17.0,24.0,26.0
624,SP406-r1,151.05401156369436,1.0,11.0,13.0,20.0,30.0
625,SP406-r2,113.05018831158328,1.0,11.0,13.0,20.0,30.0
626,SP406-r3,138.030374496594,1.0,11.0,13.0,20.0,30.0
627,SP408-r1,159.83918299812734,4.0,9.0,13.0,19.0,27.0
628,SP408-r2,200.09724669870067,4.0,9.0,13.0,19.0,27.0
629,SP408-r3,189.48042243126415,4.0,9.0,13.0,19.0,27.0
630,SP409-r1,173.79591910993693,1.0,9.0,13.0,20.0,29.0
631,SP409-r2,135.23574854636777,1.0,9.0,13.0,20.0,29.0
632,SP409-r3,142.18124291970648,1.0,9.0,13.0,20.0,29.0
633,SP410-r1,238.74532227724598,5.0,8.0,16.0,19.0,25.0
634,SP410-r2,220.44761910026205,5.0,8.0,16.0,19.0,25.0
635,SP410-r3,233.79038128826465,5.0,8.0,16.0,19.0,25.0
636,SP412-r1,177.40273470474847,1.0,7.0,13.0,24.0,25.0
637,SP412-r2,154.80975555799677,1.0,7.0,13.0,24.0,25.0
638,SP412-r3,157.29888893255244,1.0,7.0,13.0,24.0,25.0
639,SP413-r1,119.08833853097563,3.0,9.0,15.0,22.0,26.0
640,SP413-r2,142.01120699837702,3.0,9.0,15.0,22.0,26.0
641,SP413-r3,136.90183209759607,3.0,9.0,15.0,22.0,26.0
642,SP414-r1,214.74746563549232,1.0,9.0,14.0,23.0,30.0
643,SP414-r2,170.60399053571942,1.0,9.0,14.0,23.0,30.0
644,SP414-r3,169.96586619500195,1.0,9.0,14.0,23.0,30.0
645,SP416-r1,204.61715223967425,6.0,12.0,16.0,23.0,30.0
646,SP416-r2,190.14776565611209,6.0,12.0,16.0,23.0,30.0
647,SP416-r3,221.16535548741544,6.0,12.0,16.0,23.0,30.0
648,SP417-r1,144.4929111161445,3.0,7.0,13.0,19.0,30.0
649,SP417-r2,111.54493445529079,3.0,7.0,13.0,19.0,30.0
650,SP417-r3,113.50508060673222,3.0,7.0,13.0,19.0,30.0
651,SP419-r1,152.43342330679786,3.0,7.0,15.0,21.0,29.0
652,SP419-r2,146.63005357189834,3.0,7.0,15.0,21.0,29.0
653,SP419-r3,129.26727951094108,3.0,7.0,15.0,21.0,29.0
654,SP420-r1,173.1788555963867,2.0,11.0,13.0,24.0,26.0
655,SP420-r2,172.3370070741674,2.0,11.0,13.0,24.0,26.0
656,SP420-r3,156.47556145477446,2.0,11.0,13.0,24.0,26.0
657,SP422-r1,158.0283312791391,3.0,11.0,13.0,20.0,25.0
658,SP422-r2,157.86869860049944,3.0,11.0,13.0,20.0,25.0
659,SP422-r3,163.13627033256904,3.0,11.0,13.0,20.0,25.0
660,SP423-r1,104.41464284722339,4.0,11.0,13.0,24.0,29.0
661,SP423-r2,106.69403580924018,4.0,11.0,13.0,24.0,29.0
662,SP423-r3,110.57111997634223,4.0,11.0,13.0,24.0,29.0
663,SP424-r1,198.54048057484957,1.0,11.0,16.0,20.0,30.0
664,SP424-r2,195.40597124052348,1.0,11.0,16.0,20.0,30.0
665,SP424-r3,182.8322486659814,1.0,11.0,16.0,20.0,30.0
666,SP425-r1,170.3883962791498,5.0,9.0,16.0,20.0,30.0
667,SP425-r2,173.2140188045123,5.0,9.0,16.0,20.0,30.0
668,SP425-r3,168.7307162484955,5.0,9.0,16.0,20.0,30.0
669,SP426-r1,115.92751315876045,1.0,9.0,15.0,20.0,26.0
670,SP426-r2,133.55848188717414,1.0,9.0,15.0,20.0,26.0
671,SP426-r3,123.33835977356145,1.0,9.0,15.0,20.0,26.0
672,SP427-r1,68.94641567226263,4.0,7.0,13.0,23.0,29.0
673,SP427-r2,84.60438817033116,4.0,7.0,13.0,23.0,29.0
674,SP427-r3,87.10962345611156,4.0,7.0,13.0,23.0,29.0
675,SP428-r1,78.6617370245005,1.0,9.0,15.0,20.0,25.0
676,SP428-r2,80.83613373727236,1.0,9.0,15.0,20.0,25.0
677,SP428-r3,76.05077179422734,1.0,9.0,15.0,20.0,25.0
678,SP429-r1,90.1093120810667,2.0,9.0,15.0,22.0,25.0
679,SP429-r2,94.46555174842904,2.0,9.0,15.0,22.0,25.0
680,SP429-r3,84.43569796923204,2.0,9.0,15.0,22.0,25.0
681,SP430-r1,189.19131161404587,1.0,11.0,16.0,23.0,26.0
682,SP430-r2,162.6268247409441,1.0,11.0,16.0,23.0,26.0
683,SP430-r3,172.7605868130322,1.0,11.0,16.0,23.0,26.0
684,SP433-r1,190.50948380726533,5.0,9.0,13.0,20.0,25.0
685,SP433-r2,202.63616208062305,5.0,9.0,13.0,20.0,25.0
686,SP433-r3,224.89408804029324,5.0,9.0,13.0,20.0,25.0
687,SP434-r1,168.85108515646326,4.0,9.0,17.0,23.0,25.0
688,SP434-r2,155.4223023316774,4.0,9.0,17.0,23.0,25.0
689,SP434-r3,156.36905582698725,4.0,9.0,17.0,23.0,25.0
690,SP435-r1,168.1321888641958,6.0,7.0,17.0,24.0,27.0
691,SP435-r2,168.6000371709745,6.0,7.0,17.0,24.0,27.0
692,SP435-r3,182.6194431577185,6.0,7.0,17.0,24.0,27.0
693,SP436-r1,89.81458896460609,6.0,8.0,13.0,19.0,29.0
694,SP436-r2,99.67970003001729,6.0,8.0,13.0,19.0,29.0
695,SP436-r3,127.77920771017807,6.0,8.0,13.0,19.0,29.0
696,SP437-r1,191.1401336253559,3.0,10.0,17.0,21.0,26.0
697,SP437-r2,190.5216601336306,3.0,10.0,17.0,21.0,26.0
698,SP437-r3,187.78197460166865,3.0,10.0,17.0,21.0,26.0
699,SP438-r1,195.1485829943106,5.0,10.0,17.0,19.0,30.0
700,SP438-r2,184.85971229541772,5.0,10.0,17.0,19.0,30.0
701,SP438-r3,172.67945266859107,5.0,10.0,17.0,19.0,30.0
702,SP439-r1,193.39768397258013,5.0,9.0,14.0,23.0,26.0
703,SP439-r2,191.177683517858,5.0,9.0,14.0,23.0,26.0
704,SP439-r3,165.28651055833885,5.0,9.0,14.0,23.0,26.0
705,SP440-r1,155.23819829227864,1.0,9.0,16.0,23.0,26.0
706,SP440-r2,155.41961924457064,1.0,9.0,16.0,23.0,26.0
707,SP440-r3,137.16709016851348,1.0,9.0,16.0,23.0,26.0
708,SP441-r1,148.1435639731165,5.0,11.0,17.0,22.0,27.0
709,SP441-r2,150.70288507592835,5.0,11.0,17.0,22.0,27.0
710,SP441-r3,160.17772888225352,5.0,11.0,17.0,22.0,27.0
711,SP444-r1,190.26817604798748,3.0,10.0,13.0,19.0,30.0
712,SP444-r2,192.1859843987279,3.0,10.0,13.0,19.0,30.0
713,SP444-r3,181.92044192364648,3.0,10.0,13.0,19.0,30.0
714,SP446-r1,185.2581501031776,1.0,12.0,16.0,19.0,27.0
715,SP446-r2,172.89616554416108,1.0,12.0,16.0,19.0,27.0
716,SP446-r3,196.8437403415714,1.0,12.0,16.0,19.0,27.0
717,SP448-r1,159.71024242494423,4.0,11.0,13.0,21.0,26.0
718,SP448-r2,162.52658723826409,4.0,11.0,13.0,21.0,26.0
719,SP448-r3,153.26106968755758,4.0,11.0,13.0,21.0,26.0
720,SP451-r1,53.31959053287848,5.0,11.0,13.0,20.0,27.0
721,SP451-r3,57.186812794632246,5.0,11.0,13.0,20.0,27.0
722,SP452-r1,170.36853362609742,1.0,8.0,13.0,20.0,28.0
723,SP452-r2,142.8231187009621,1.0,8.0,13.0,20.0,28.0
724,SP452-r3,136.91344592329935,1.0,8.0,13.0,20.0,28.0
725,SP453-r1,66.69339760576192,2.0,11.0,13.0,22.0,27.0
726,SP453-r2,75.59735464680355,2.0,11.0,13.0,22.0,27.0
727,SP453-r3,79.31356449859159,2.0,11.0,13.0,22.0,27.0
728,SP454-r1,162.98593005953788,5.0,12.0,15.0,21.0,25.0
729,SP454-r2,125.76363805371821,5.0,12.0,15.0,21.0,25.0
730,SP454-r3,136.66462696098986,5.0,12.0,15.0,21.0,25.0
731,SP458-r1,138.9146400242225,2.0,11.0,15.0,24.0,26.0
732,SP458-r2,144.3552412720436,2.0,11.0,15.0,24.0,26.0
733,SP458-r3,123.29201395422301,2.0,11.0,15.0,24.0,26.0
734,SP459-r1,152.65000671500977,4.0,8.0,13.0,19.0,29.0
735,SP459-r2,140.14751859905203,4.0,8.0,13.0,19.0,29.0
736,SP459-r3,152.91411473114567,4.0,8.0,13.0,19.0,29.0
737,SP461-r1,162.42393696485934,2.0,10.0,16.0,19.0,26.0
738,SP461-r2,155.5287076337916,2.0,10.0,16.0,19.0,26.0
739,SP461-r3,157.57327663545155,2.0,10.0,16.0,19.0,26.0
740,SP462-r1,123.0306264787588,3.0,11.0,13.0,22.0,30.0
741,SP462-r2,100.79037136699921,3.0,11.0,13.0,22.0,30.0
742,SP462-r3,112.72035016402991,3.0,11.0,13.0,22.0,30.0
743,SP463-r1,127.74281288033251,3.0,7.0,13.0,22.0,30.0
744,SP463-r2,116.80048910092283,3.0,7.0,13.0,22.0,30.0
745,SP463-r3,125.23154707054543,3.0,7.0,13.0,22.0,30.0
746,SP471-r1,95.98083991837225,4.0,9.0,15.0,24.0,25.0
747,SP471-r2,106.82496747824335,4.0,9.0,15.0,24.0,25.0
748,SP471-r3,97.39213485327605,4.0,9.0,15.0,24.0,25.0
749,SP472-r1,130.95934376917666,1.0,11.0,15.0,21.0,25.0
750,SP472-r2,133.56263223330328,1.0,11.0,15.0,21.0,25.0
751,SP472-r3,132.04712132802848,1.0,11.0,15.0,21.0,25.0
752,SP478-r1,66.27912722070229,1.0,11.0,13.0,21.0,27.0
753,SP478-r2,64.3420444682098,1.0,11.0,13.0,21.0,27.0
754,SP478-r3,73.09233820426687,1.0,11.0,13.0,21.0,27.0
755,SP480-r2,141.57702679816674,2.0,12.0,15.0,22.0,30.0
756,SP480-r3,137.22786106549168,2.0,12.0,15.0,22.0,30.0
757,SP507-r1,150.92500392658107,1.0,7.0,13.0,19.0,25.0
758,SP507-r2,146.05146005108438,1.0,7.0,13.0,19.0,25.0
759,SP507-r3,137.41692237086608,1.0,7.0,13.0,19.0,25.0
760,SP521-r1,146.17287711004775,6.0,12.0,18.0,23.0,28.0
761,SP521-r2,146.78491314807917,6.0,12.0,18.0,23.0,28.0
762,SP521-r3,134.4597912926846,6.0,12.0,18.0,23.0,28.0
763,SP522-r1,81.91051260073523,6.0,12.0,18.0,23.0,28.0
764,SP522-r2,76.66304553932943,6.0,12.0,18.0,23.0,28.0
765,SP522-r3,68.16221729179745,6.0,12.0,18.0,23.0,28.0
766,SP529-r1,215.67609232319873,4.0,11.0,17.0,24.0,30.0
767,SP529-r2,248.25713615587296,4.0,11.0,17.0,24.0,30.0
768,SP529-r3,187.77509240620702,4.0,11.0,17.0,24.0,30.0
769,SP530-r1,217.88250352438305,4.0,11.0,17.0,24.0,30.0
770,SP530-r3,199.45902753658882,4.0,11.0,17.0,24.0,30.0
771,SP534-r1,219.65740418102718,4.0,11.0,17.0,24.0,30.0
772,SP534-r2,209.01827895141201,4.0,11.0,17.0,24.0,30.0
773,SP534-r3,205.699475502026,4.0,11.0,17.0,24.0,30.0
774,SP543-r1,249.5879047889795,2.0,8.0,14.0,23.0,28.0
775,SP543-r2,236.74494294475255,2.0,8.0,14.0,23.0,28.0
776,SP543-r3,242.85957102095344,2.0,8.0,14.0,23.0,28.0
777,SP553-r1,113.7890994910302,3.0,9.0,15.0,20.0,26.0
778,SP553-r2,136.98265431796023,3.0,9.0,15.0,20.0,26.0
779,SP553-r3,147.6946408743127,3.0,9.0,15.0,20.0,26.0
780,SP554-r1,52.083963665092206,3.0,9.0,15.0,20.0,26.0
781,SP554-r2,74.05548986235314,3.0,9.0,15.0,20.0,26.0
782,SP554-r3,67.15530737219284,3.0,9.0,15.0,20.0,26.0
783,SP556-r1,92.7570525330725,3.0,9.0,15.0,20.0,26.0
784,SP556-r2,78.68467063180834,3.0,9.0,15.0,20.0,26.0
785,SP556-r3,77.58680790583695,3.0,9.0,15.0,20.0,26.0
786,SP558-r1,113.09749455254399,3.0,9.0,15.0,20.0,26.0
787,SP558-r2,133.9326793323842,3.0,9.0,15.0,20.0,26.0
788,SP558-r3,130.4383543680784,3.0,9.0,15.0,20.0,26.0
789,SP567-r1,115.55558622095147,3.0,9.0,15.0,20.0,26.0
790,SP567-r2,116.04726242946307,3.0,9.0,15.0,20.0,26.0
791,SP567-r3,140.76689014901348,3.0,9.0,15.0,20.0,26.0
